French,English
partie,part
histoire,history
chercher,search
police,police
pensais,thought
aide,help
demande,request
genre,kind
mois,month
frère,brother
mettre,to put
aucun,no
laisse,leash
eux,them
ville,city
chaque,each
parlé,speak
arrivé,come
devrait,should
bébé,baby
longtemps,long time
heures,hours
vont,will
pendant,while
revoir,meet again
aucune,any
place,square
parle,speak
compris,understood
savais,knew
étaient,were
voici,here is
pourrais,could
affaire,case
donner,give
type,type
leurs,their
donné,given
train,train
corps,body
endroit,place
yeux,eyes
écoute,listen
dont,whose
premier,first
perdu,lost
main,hand
première,first
côté,side
vieux,old
sois,be
tiens,here
enfant,child
point,point
venu,came
suite,after
pardon,sorry
venez,come
devant,in front of
minutes,minutes
demandé,request
chambre,bedroom
belle,beautiful
droit,law
aimerais,would like to
aujourd'hui,today
mari,husband
cause,cause
enfin,finally
espère,hope
attendez,Wait
parti,left
nouvelle,new
boulot,job
arrêter,Stop
dirait,would say
terre,Earth
compte,account
loin,far
fin,end
croire,believe
chérie,sweetheart
gros,large
plutôt,rather
aura,will have
filles,girls
jouer,to play
bureau,office
